motor_model,point_id,attempt,result,servo_target_torque_nm,servo_actual_torque_nm,dyn_torque_nm,dut_rpm,iq_command_a,iq_actual_a,vbus_v,ibus_a,pin_w,pout_w,efficiency_pct,duty_pct,motor_temperature_c,controller_temperature_c,vesc_fault_code,torque_source,raw_path
"YKD-140","NO_LOAD",1,PASS,0,-0.0007242424242424239,0.27069696969696977,3498.0562770562765,,5.9587878787878781,29.954545454545439,3.8772727272727279,116.14239393939391,99.160276253473072,85.62301729568955,94.900000000000048,26.309090909090902,27.600000000000016,0,ExternalSensor,"D:\software\github\MSLB\artifacts\sessions\20260927_143832_01fdd2f4\raw.csv"
"YKD-140","T01_0_10",1,PASS,0.10037999999999996,0.10060761904761903,0.38142857142857134,3470.3809523809523,,7.7623809523809504,30.028571428571428,5.3104761904761899,159.46609523809522,138.61695427612008,87.102406464367434,94.900000000000034,26.966666666666669,27.699999999999996,0,ExternalSensor,"D:\software\github\MSLB\artifacts\sessions\20260927_143832_01fdd2f4\raw.csv"
"YKD-140","T02_0_20",1,PASS,0.20075999999999991,0.20016250000000002,0.49190000000000011,3442.4785714285708,,9.2025000000000006,30.089999999999996,6.7080000000000011,201.84979999999993,177.32750700315174,87.928615113016519,94.900000000000034,27.689999999999991,27.889999999999993,0,ExternalSensor,"D:\software\github\MSLB\artifacts\sessions\20260927_143832_01fdd2f4\raw.csv"
"YKD-140","T03_0_30",1,PASS,0.30114000000000007,0.29982549999999997,0.60429999999999995,3415.3000000000002,,10.806999999999999,30.149999999999999,8.1834999999999987,246.73544999999999,216.12729827236194,87.665614783750627,94.905000000000044,28.480000000000008,28.025000000000006,0,ExternalSensor,"D:\software\github\MSLB\artifacts\sessions\20260927_143832_01fdd2f4\raw.csv"
"YKD-140","T04_0_40",1,PASS,0.39913000000000021,0.40187850000000014,0.7166499999999999,3386.4857142857145,,12.3995,30.210000000000001,9.5889999999999986,289.68904999999995,254.14685705409511,87.79018600473843,94.900000000000034,29.349999999999987,28.199999999999996,0,ExternalSensor,"D:\software\github\MSLB\artifacts\sessions\20260927_143832_01fdd2f4\raw.csv"
"YKD-140","T05_0_50",1,PASS,0.49951000000000012,0.49473000000000006,0.83423809523809511,3356.4965986394554,,14.242380952380948,30.233333333333338,11.13238095238095,336.5427619047619,293.22752309125985,87.190866874788682,94.909523809523833,30.323809523809523,28.399999999999988,0,ExternalSensor,"D:\software\github\MSLB\artifacts\sessions\20260927_143832_01fdd2f4\raw.csv"
"YKD-140","T06_0_60",1,PASS,0.59989000000000015,0.60421476190476187,0.94685714285714251,3328.3333333333326,,15.966190476190476,30.280952380952385,12.560476190476189,380.3525238095238,330.01959444586868,86.797824840925685,94.900000000000034,31.399999999999999,28.604761904761919,0,ExternalSensor,"D:\software\github\MSLB\artifacts\sessions\20260927_143832_01fdd2f4\raw.csv"
"YKD-140","T07_0_70",1,PASS,0.70026999999999984,0.70743999999999985,1.0627619047619048,3297.5986394557826,,17.870952380952382,30.290476190476188,14.103333333333333,427.16971428571429,366.9967070325327,85.94388411198355,94.900000000000034,32.633333333333326,28.828571428571429,0,ExternalSensor,"D:\software\github\MSLB\artifacts\sessions\20260927_143832_01fdd2f4\raw.csv"
"YKD-140","T08_0_80",1,PASS,0.80065000000000042,0.79803238095238105,1.1760952380952381,3266.5306122448978,,19.771428571428572,30.233333333333331,15.645238095238094,472.96857142857152,402.30707577581649,85.0857543520641,94.900000000000034,34.004761904761914,29.071428571428584,0,ExternalSensor,"D:\software\github\MSLB\artifacts\sessions\20260927_143832_01fdd2f4\raw.csv"
"YKD-140","T09_0_90",1,PASS,0.90103,0.90137142857142849,1.2928095238095243,3231.1836734693884,,21.68,30.323809523809516,17.160952380952377,520.36519047619049,437.44627259937454,84.090821752411898,94.900000000000034,35.580952380952382,29.371428571428559,0,ExternalSensor,"D:\software\github\MSLB\artifacts\sessions\20260927_143832_01fdd2f4\raw.csv"
"YKD-140","T10_1_00",1,PASS,0.99902000000000024,0.98820809523809516,1.4032380952380952,3194.3469387755099,,23.531904761904766,30.314285714285717,18.611904761904757,564.17757142857135,469.39874326726556,83.21799512228128,94.909523809523847,37.347619047619055,29.657142857142862,0,ExternalSensor,"D:\software\github\MSLB\artifacts\sessions\20260927_143832_01fdd2f4\raw.csv"
"YKD-140","T11_1_10",1,PASS,1.0993999999999997,1.1046352380952384,1.5184285714285712,3150.2176870748303,,25.623333333333335,30.266666666666669,20.219047619047622,611.96619047619038,500.91423264462787,81.870865534070916,94.900000000000034,39.266666666666666,30.009523809523813,0,ExternalSensor,"D:\software\github\MSLB\artifacts\sessions\20260927_143832_01fdd2f4\raw.csv"
"YKD-140","T12_1_20",1,PASS,1.1997800000000003,1.2004628571428573,1.6330476190476193,3090.8435374149658,,27.777619047619048,30.052380952380954,21.763809523809527,654.01185714285702,528.57201151537652,80.826598357983542,94.904761904761955,41.538095238095238,30.385714285714275,0,ExternalSensor,"D:\software\github\MSLB\artifacts\sessions\20260927_143832_01fdd2f4\raw.csv"
"YKD-140","T13_1_30",1,PASS,1.3001600000000006,1.2999323809523813,1.7463809523809519,3008.7823129251701,,29.894761904761907,29.619047619047613,23.313809523809528,690.51961904761924,550.2476508663982,79.709233881142353,94.904761904761955,44.033333333333339,30.799999999999997,0,ExternalSensor,"D:\software\github\MSLB\artifacts\sessions\20260927_143832_01fdd2f4\raw.csv"
"YKD-140","T14_1_40",1,PASS,1.4005399999999997,1.3950771428571429,1.8558571428571429,2792.87074829932,,31.846190476190479,28.200000000000003,24.732380952380954,697.45542857142868,542.78017987526039,77.860001093221555,94.900000000000034,46.976190476190474,31.266666666666662,0,ExternalSensor,"D:\software\github\MSLB\artifacts\sessions\20260927_143832_01fdd2f4\raw.csv"
"YKD-140","T15_1_50",1,ABORTED,,,,,,,,,,,,,,,0,ServoEstimated,"D:\software\github\MSLB\artifacts\sessions\20260927_143832_01fdd2f4\raw.csv"
"YKD-145","NO_LOAD",1,PASS,0,-0.0042006060606060601,0.25278787878787873,3538.6406926406944,,5.2499999999999991,30.360606060606067,3.6306060606060595,110.23003030303033,93.674217268932026,85.201382516775482,94.845454545454587,27.284848484848471,30.399999999999984,0,ExternalSensor,"D:\software\github\MSLB\artifacts\sessions\20260927_150501_ea01d0a6\raw.csv"
"YKD-145","T01_0_10",1,PASS,0.10037999999999996,0.099184999999999982,0.36105000000000004,3509.6285714285718,,7.5105000000000004,30.399999999999999,4.9975000000000005,151.9341,132.69539160845233,87.513048962412668,94.905000000000044,27.970000000000006,30.5,0,ExternalSensor,"D:\software\github\MSLB\artifacts\sessions\20260927_150501_ea01d0a6\raw.csv"
"YKD-145","T02_0_20",1,PASS,0.20075999999999991,0.2025525,0.47050000000000003,3482.2857142857147,,8.9300000000000015,30.544999999999998,6.4385000000000003,196.6772,171.57406303320644,87.365339339205207,94.900000000000034,28.70999999999999,30.600000000000012,0,ExternalSensor,"D:\software\github\MSLB\artifacts\sessions\20260927_150501_ea01d0a6\raw.csv"
"YKD-145","T03_0_30",1,PASS,0.30114000000000007,0.30057095238095238,0.58633333333333326,3454.4149659863947,,10.549523809523809,30.528571428571425,7.9161904761904767,241.68333333333334,212.1032595265055,87.842423482723817,94.909523809523847,29.490476190476198,30.700000000000003,0,ExternalSensor,"D:\software\github\MSLB\artifacts\sessions\20260927_150501_ea01d0a6\raw.csv"
"YKD-145","T04_0_40",1,PASS,0.39913000000000021,0.39745700000000006,0.69769999999999999,3426.3714285714277,,12.219499999999998,30.600000000000001,9.4205000000000005,288.26715000000002,250.3407951143235,86.933631895995646,94.900000000000034,30.324999999999996,30.810000000000002,0,ExternalSensor,"D:\software\github\MSLB\artifacts\sessions\20260927_150501_ea01d0a6\raw.csv"
"YKD-145","T05_0_50",1,PASS,0.49951000000000007,0.50190000000000001,0.8136000000000001,3398.8142857142861,,13.926000000000002,30.605000000000008,10.867999999999999,332.60770000000008,289.57886249465355,87.07358980258951,94.900000000000034,31.294999999999998,30.985000000000003,0,ExternalSensor,"D:\software\github\MSLB\artifacts\sessions\20260927_150501_ea01d0a6\raw.csv"
"YKD-145","T06_0_60",1,PASS,0.59989000000000015,0.6027579999999999,0.92964999999999998,3368.9785714285717,,15.757,30.789999999999992,12.372,380.91085000000004,327.97893247458609,86.193195093301753,94.905000000000044,32.350000000000001,31.115000000000016,0,ExternalSensor,"D:\software\github\MSLB\artifacts\sessions\20260927_150501_ea01d0a6\raw.csv"
"YKD-145","T07_0_70",1,ABORTED,,,,,,,,,,,,,,,0,ServoEstimated,"D:\software\github\MSLB\artifacts\sessions\20260927_150501_ea01d0a6\raw.csv"
"YKD-145","NO_LOAD",1,PASS,0,0.0044903030303030311,0.25966666666666671,3534.9567099567112,,5.3948484848484863,30.342424242424233,3.733030303030302,113.26448484848486,96.122867516255909,85.014551363318105,94.906060606060663,26.281818181818167,31.200000000000017,0,ExternalSensor,"D:\software\github\MSLB\artifacts\sessions\20260928_074033_2f9b6692\raw.csv"
"YKD-145","T01_0_10",1,ABORTED,,,,,,,,,,,,,,,0,ServoEstimated,"D:\software\github\MSLB\artifacts\sessions\20260928_074033_2f9b6692\raw.csv"
"YKB-145","NO_LOAD",1,PASS,0,-0.00036212121212121255,0.25890909090909092,3535.748917748916,,5.5963636363636393,30.184848484848494,3.7857575757575757,114.2647575757576,95.864265027647718,83.975561449864429,94.900000000000048,26.342424242424229,31.263636363636344,0,ExternalSensor,"D:\software\github\MSLB\artifacts\sessions\20260928_090806_8f8c1590\raw.csv"
"YKB-145","T01_0_10",1,ABORTED,,,,,,,,,,,,,,,0,ServoEstimated,"D:\software\github\MSLB\artifacts\sessions\20260928_090806_8f8c1590\raw.csv"
"YKB-145","NO_LOAD",1,PASS,0,0,0.26136363636363635,3532.7445887445883,,5.27727272727273,31.381818181818186,3.7700000000000018,118.30593939393934,96.690854774721331,81.762719540764294,94.912121212121249,24.133333333333354,28.799999999999983,0,ExternalSensor,"D:\software\github\MSLB\artifacts\sessions\20260929_125648_2ff4641e\raw.csv"
"YKB-145","T01_0_10",1,FAIL,,,,,,,,,,,,,,,0,ServoEstimated,"D:\software\github\MSLB\artifacts\sessions\20260929_125648_2ff4641e\raw.csv"
"YKB-145","NO_LOAD",1,PASS,0,0,0.24606060606060609,3536.5064935064934,,5.0363636363636362,31.421212121212132,3.5684848484848501,112.1299696969697,91.12602704104259,81.300583294447677,94.900000000000048,24.84545454545454,29.200000000000017,0,ExternalSensor,"D:\software\github\MSLB\artifacts\sessions\20260929_125648_2ff4641e\raw.csv"
"YKB-145","NO_LOAD",1,PASS,0,0,0.26136363636363635,3532.7445887445883,,5.27727272727273,31.381818181818186,3.7700000000000018,118.30593939393934,96.690854774721331,81.762719540764294,94.912121212121249,24.133333333333354,28.799999999999983,0,ExternalSensor,"D:\software\github\MSLB\artifacts\sessions\20260929_125648_2ff4641e\raw.csv"
"YKB-145","T01_0_10",1,FAIL,,,,,,,,,,,,,,,0,ServoEstimated,"D:\software\github\MSLB\artifacts\sessions\20260929_125648_2ff4641e\raw.csv"
"YKB-145","T01_0_10",1,FAIL,,,,,,,,,,,,,,,0,ServoEstimated,"D:\software\github\MSLB\artifacts\sessions\20260929_125648_2ff4641e\raw.csv"
"YKD-145","NO_LOAD",1,PASS,0,-0.0026796969696969699,0.26815151515151509,3531.0779220779227,,5.2027272727272731,31.463636363636361,3.8027272727272723,119.64839393939388,99.155195758686787,82.896127106897296,94.912121212121249,25.145454545454566,30.5,0,ExternalSensor,"D:\software\github\MSLB\artifacts\sessions\20260929_130502_e526f0cb\raw.csv"
"YKD-145","T01_0_10",1,PASS,0.10037999999999996,0.099241904761904753,0.37309523809523809,3506.3809523809523,,6.7609523809523804,31.666666666666661,5.2033333333333349,164.77190476190475,136.9958475869727,83.150745094437497,94.914285714285739,25.671428571428567,30.5,0,ExternalSensor,"D:\software\github\MSLB\artifacts\sessions\20260929_130502_e526f0cb\raw.csv"
"YKD-145","T02_0_20",1,PASS,0.20075999999999991,0.19729449999999998,0.48319999999999996,3479.3785714285718,,8.5600000000000005,31.614999999999998,6.7219999999999995,212.51390000000001,176.05839632288456,82.858653283561395,94.915000000000035,26.309999999999995,30.600000000000012,0,ExternalSensor,"D:\software\github\MSLB\artifacts\sessions\20260929_130502_e526f0cb\raw.csv"
"YKD-145","T03_0_30",1,ABORTED,,,,,,,,,,,,,,,0,ServoEstimated,"D:\software\github\MSLB\artifacts\sessions\20260929_130502_e526f0cb\raw.csv"
"YKD-145","NO_LOAD",1,PASS,0,-0.0026796969696969699,0.26815151515151509,3531.0779220779227,,5.2027272727272731,31.463636363636361,3.8027272727272723,119.64839393939388,99.155195758686787,82.896127106897296,94.912121212121249,25.145454545454566,30.5,0,ExternalSensor,"D:\software\github\MSLB\artifacts\sessions\20260929_130502_e526f0cb\raw.csv"
"YKD-145","T01_0_10",1,PASS,0.10037999999999996,0.099241904761904753,0.37309523809523809,3506.3809523809523,,6.7609523809523804,31.666666666666661,5.2033333333333349,164.77190476190475,136.9958475869727,83.150745094437497,94.914285714285739,25.671428571428567,30.5,0,ExternalSensor,"D:\software\github\MSLB\artifacts\sessions\20260929_130502_e526f0cb\raw.csv"
"YKD-145","T02_0_20",1,PASS,0.20075999999999991,0.19729449999999998,0.48319999999999996,3479.3785714285718,,8.5600000000000005,31.614999999999998,6.7219999999999995,212.51390000000001,176.05839632288456,82.858653283561395,94.915000000000035,26.309999999999995,30.600000000000012,0,ExternalSensor,"D:\software\github\MSLB\artifacts\sessions\20260929_130502_e526f0cb\raw.csv"
"YKD-145","T03_0_30",1,ABORTED,,,,,,,,,,,,,,,0,ServoEstimated,"D:\software\github\MSLB\artifacts\sessions\20260929_130502_e526f0cb\raw.csv"
"YKB-145","NO_LOAD",1,PASS,0,-0.0011203125000000002,0.25684375000000004,3536.0982142857151,,5.010625000000001,31.615624999999998,3.6587500000000004,115.67031249999997,95.108880804064611,82.244954610104969,94.900000000000048,26.74062499999998,31.100000000000016,0,ExternalSensor,"D:\software\github\MSLB\artifacts\sessions\20260929_130631_003b0c9f\raw.csv"
"YKB-145","T01_0_10",1,PASS,0.10037999999999996,0.10231476190476189,0.36790476190476196,3508.482993197279,,6.6890476190476189,31.652380952380955,5.1266666666666652,162.26723809523813,135.17081947753948,83.310780286199702,94.914285714285754,27.223809523809521,31.138095238095246,0,ExternalSensor,"D:\software\github\MSLB\artifacts\sessions\20260929_130631_003b0c9f\raw.csv"
"YKB-145","T02_0_20",1,PASS,0.20075999999999991,0.20781049999999998,0.47744999999999999,3481.1357142857146,,8.4499999999999993,31.889999999999997,6.6420000000000012,211.81855000000002,174.05111384478411,82.183868049859726,94.900000000000034,27.844999999999992,31.199999999999999,0,ExternalSensor,"D:\software\github\MSLB\artifacts\sessions\20260929_130631_003b0c9f\raw.csv"
"YKB-145","T03_0_30",1,PASS,0.30114000000000007,0.30102619047619045,0.58733333333333326,3456.1224489795923,,10.259523809523811,31.700000000000006,8.1309523809523814,257.75014285714286,212.56988861818081,82.478384436423198,94.900000000000034,28.566666666666681,31.31904761904762,0,ExternalSensor,"D:\software\github\MSLB\artifacts\sessions\20260929_130631_003b0c9f\raw.csv"
"YKB-145","T04_0_40",1,PASS,0.39913000000000021,0.39650100000000005,0.69919999999999982,3428.9857142857145,,12.1005,31.784999999999997,9.6679999999999993,307.30074999999994,251.07045618805856,81.708236095871456,94.900000000000034,29.254999999999995,31.48,0,ExternalSensor,"D:\software\github\MSLB\artifacts\sessions\20260929_130631_003b0c9f\raw.csv"
"YKB-145","T05_0_50",1,PASS,0.49951000000000012,0.49495761904761909,0.81499999999999995,3400.2653061224491,,14.050000000000006,31.980952380952381,11.217619047619046,358.74709523809526,290.20091415355,80.896458545869208,94.900000000000034,30.090476190476195,31.600000000000012,0,ExternalSensor,"D:\software\github\MSLB\artifacts\sessions\20260929_130631_003b0c9f\raw.csv"
"YKB-145","T06_0_60",1,PASS,0.59989000000000015,0.60364571428571434,0.92976190476190468,3373.2380952380945,,15.959047619047618,31.966666666666669,12.77571428571429,408.39319047619057,328.43340217793343,80.423888060820502,94.900000000000034,31.042857142857152,31.799999999999997,0,ExternalSensor,"D:\software\github\MSLB\artifacts\sessions\20260929_130631_003b0c9f\raw.csv"
"YKB-145","T07_0_70",1,PASS,0.70026999999999984,0.70231857142857146,1.0450952380952379,3344.0612244897966,,17.903333333333332,31.976190476190474,14.312857142857141,457.66938095238083,365.98079931673834,79.967152873771127,94.909523809523847,32.128571428571433,31.971428571428572,0,ExternalSensor,"D:\software\github\MSLB\artifacts\sessions\20260929_130631_003b0c9f\raw.csv"
"YKB-145","T08_0_80",1,PASS,0.80065000000000042,0.79905666666666686,1.1593809523809522,3314.5442176870752,,19.904285714285709,32.161904761904758,15.890476190476196,511.06366666666673,402.41853748850383,78.742730357683158,94.900000000000034,33.314285714285724,32.176190476190484,0,ExternalSensor,"D:\software\github\MSLB\artifacts\sessions\20260929_130631_003b0c9f\raw.csv"
"YKB-145","T09_0_90",1,PASS,0.90103000000000011,0.91154600000000008,1.2726999999999999,3285.0428571428579,,21.878000000000004,32.129999999999995,17.429999999999996,560.03100000000006,437.81988454665969,78.183471407240162,94.900000000000034,34.699999999999996,32.434999999999988,0,ExternalSensor,"D:\software\github\MSLB\artifacts\sessions\20260929_130631_003b0c9f\raw.csv"
"YKB-145","T10_1_00",1,PASS,0.99902000000000024,0.99628857142857119,1.3954761904761901,3253.1904761904761,,24.022857142857134,32.304761904761911,19.116190476190475,617.54195238095258,475.40140429709965,76.987466435351536,94.900000000000034,36.261904761904759,32.719047619047601,0,ExternalSensor,"D:\software\github\MSLB\artifacts\sessions\20260929_130631_003b0c9f\raw.csv"
"YKB-145","T11_1_10",1,PASS,1.0993999999999997,1.0971238095238096,1.5073809523809523,3222.5238095238096,,26.004761904761899,32.28571428571427,20.641428571428573,666.41247619047624,508.68342974543702,76.336314709537731,94.900000000000034,38.057142857142857,33.057142857142871,0,ExternalSensor,"D:\software\github\MSLB\artifacts\sessions\20260929_130631_003b0c9f\raw.csv"
"YKB-145","T12_1_20",1,PASS,1.1997800000000003,1.1998938095238096,1.6220000000000003,3191.353741496599,,28.130952380952387,32.290476190476198,22.270952380952384,719.14776190476209,542.06817387547824,75.38885118101598,94.923809523809553,40,33.423809523809517,0,ExternalSensor,"D:\software\github\MSLB\artifacts\sessions\20260929_130631_003b0c9f\raw.csv"
"YKB-145","T13_1_30",1,PASS,1.3001600000000006,1.3000461904761906,1.7390000000000003,3157.4489795918366,,30.28714285714285,32.628571428571433,23.899999999999999,779.82204761904779,574.99533043174858,73.739675343767757,94.900000000000034,42.204761904761902,33.842857142857142,0,ExternalSensor,"D:\software\github\MSLB\artifacts\sessions\20260929_130631_003b0c9f\raw.csv"
"YKB-145","T14_1_40",1,PASS,1.4005399999999997,1.3978085714285711,1.8543333333333332,3123.8299319727889,,32.388095238095239,32.338095238095242,25.47190476190476,823.7253809523811,606.60149714373483,73.657563181640924,94.909523809523833,44.685714285714283,34.323809523809523,0,ExternalSensor,"D:\software\github\MSLB\artifacts\sessions\20260929_130631_003b0c9f\raw.csv"
"YKB-145","T15_1_50",1,PASS,1.5009200000000005,1.4963676190476196,1.9690000000000001,3089.9999999999995,,34.595238095238088,32.485714285714288,27.163809523809526,882.45619047619061,637.1367155791113,72.212264841289539,94.819047619047637,47.528571428571425,34.847619047619041,0,ExternalSensor,"D:\software\github\MSLB\artifacts\sessions\20260929_130631_003b0c9f\raw.csv"
"YKB-145","T16_1_60",1,PASS,1.5989100000000003,1.5983124999999998,2.0764500000000004,2866.4428571428562,,37.670000000000002,33.045000000000002,27.413500000000006,905.85469999999987,623.29168177691804,68.814006627579531,89.450000000000017,51.469999999999992,35.605000000000018,0,ExternalSensor,"D:\software\github\MSLB\artifacts\sessions\20260929_130631_003b0c9f\raw.csv"
"YKB-145","T17_1_70",1,PASS,1.6992900000000002,1.6972414285714283,2.1870000000000003,2691.2925170068024,,38.990476190476187,33.366666666666667,27.386666666666667,913.80509523809519,616.36526648703295,67.453051490613547,85.980952380952374,55.071428571428562,36.30952380952381,0,ExternalSensor,"D:\software\github\MSLB\artifacts\sessions\20260929_130631_003b0c9f\raw.csv"
"YKB-145","T18_1_80",1,PASS,1.7996699999999997,1.7996699999999997,2.297333333333333,2509.0136054421764,,40.645714285714291,33.43333333333333,27.326666666666668,913.58500000000004,603.60873833258279,66.07268931658912,81.723809523809521,59.038095238095238,37.114285714285735,0,ExternalSensor,"D:\software\github\MSLB\artifacts\sessions\20260929_130631_003b0c9f\raw.csv"
"YKB-145","T19_1_90",1,PASS,1.9000500000000002,1.901529523809524,2.4065714285714286,2264.462585034013,,42.622380952380958,33.571428571428577,26.658095238095239,894.94438095238127,570.67887117312728,63.768180066486984,77.076190476190476,63.190476190476183,38.023809523809533,0,ExternalSensor,"D:\software\github\MSLB\artifacts\sessions\20260929_130631_003b0c9f\raw.csv"
"YKB-145","T20_2_00",1,PASS,2.0004300000000006,1.9964466666666669,2.5152857142857146,2045.7959183673465,,44.706190476190486,33.752380952380953,26.13428571428571,882.09209523809534,538.862209204799,61.090806400969505,70.566666666666677,67.742857142857162,38.980952380952388,0,ExternalSensor,"D:\software\github\MSLB\artifacts\sessions\20260929_130631_003b0c9f\raw.csv"
"YKB-145","STALL_TRANSIENT",1,INVALID_TRANSIENT,,,,,,,,,,,,,,,0,ExternalSensor,"D:\software\github\MSLB\artifacts\sessions\20260929_130631_003b0c9f\raw.csv"
"YKB-145","NO_LOAD",1,PASS,0,-0.004128181818181819,0.26824242424242428,3536.0692640692641,,5.1181818181818191,31.542424242424254,3.7969696969696973,119.76951515151518,99.328989298948557,82.951053121214628,94.903030303030349,30.351515151515144,33.100000000000009,0,ExternalSensor,"D:\software\github\MSLB\artifacts\sessions\20260929_132756_5191e783\raw.csv"
"YKB-145","T01_0_10",1,PASS,0.10037999999999996,0.099184999999999968,0.37040000000000001,3511.4785714285717,,6.6889999999999983,31.544999999999995,5.1615000000000002,162.82235,136.20385272014408,83.665626415969811,94.900000000000034,30.889999999999993,33.115000000000016,0,ExternalSensor,"D:\software\github\MSLB\artifacts\sessions\20260929_132756_5191e783\raw.csv"
"YKB-145","T02_0_20",1,PASS,0.20075999999999991,0.1979147619047619,0.48128571428571432,3484.1360544217687,,8.4880952380952372,31.680952380952373,6.6714285714285708,211.35428571428565,175.60093918576118,83.089143098810609,94.919047619047646,31.50476190476191,33.20000000000001,0,ExternalSensor,"D:\software\github\MSLB\artifacts\sessions\20260929_132756_5191e783\raw.csv"
"YKB-145","T03_0_30",1,PASS,0.30114000000000007,0.29934749999999999,0.5925999999999999,3456.2428571428563,,10.3375,31.805000000000014,8.1994999999999969,260.78584999999987,214.48377557163295,82.252335676494809,94.900000000000034,32.140000000000001,33.299999999999997,0,ExternalSensor,"D:\software\github\MSLB\artifacts\sessions\20260929_132756_5191e783\raw.csv"
"YKB-145","T04_0_40",1,PASS,0.39913000000000021,0.3958295238095238,0.70304761904761914,3428.6802721088438,,12.175238095238097,31.842857142857135,9.6990476190476187,308.84533333333337,252.42961762974795,81.736277452298211,94.900000000000034,32.904761904761898,33.399999999999991,0,ExternalSensor,"D:\software\github\MSLB\artifacts\sessions\20260929_132756_5191e783\raw.csv"
"YKB-145","T05_0_50",1,PASS,0.49951000000000007,0.49652250000000003,0.81945000000000001,3400.1500000000005,,14.154,31.895,11.295999999999999,360.28004999999996,291.77551269792986,80.987352421969391,94.900000000000034,33.74499999999999,33.5,0,ExternalSensor,"D:\software\github\MSLB\artifacts\sessions\20260929_132756_5191e783\raw.csv"
"YKB-145","T06_0_60",1,PASS,0.59989000000000015,0.60057285714285713,0.9330952380952382,3371.1632653061229,,16.090000000000003,31.971428571428572,12.854285714285714,410.97042857142861,329.4080531597279,80.154531913897372,94.900000000000034,34.74761904761904,33.685714285714297,0,ExternalSensor,"D:\software\github\MSLB\artifacts\sessions\20260929_132756_5191e783\raw.csv"
"YKB-145","T07_0_70",1,PASS,0.70026999999999984,0.69344142857142843,1.0496190476190477,3342.7619047619055,,18.080952380952379,32.076190476190476,14.434761904761908,463.00961904761903,367.42235080671628,79.359697086868735,94.900000000000034,35.80952380952381,33.838095238095235,0,ExternalSensor,"D:\software\github\MSLB\artifacts\sessions\20260929_132756_5191e783\raw.csv"
"YKB-145","T08_0_80",1,PASS,0.80065000000000042,0.80042238095238094,1.1670952380952382,3311.3741496598641,,20.111428571428572,32.204761904761902,16.042857142857152,516.63476190476194,404.7092493622992,78.337732006950205,94.900000000000034,37.019047619047626,34.071428571428584,0,ExternalSensor,"D:\software\github\MSLB\artifacts\sessions\20260929_132756_5191e783\raw.csv"
"YKB-145","T09_0_90",1,PASS,0.90103,0.90228190476190473,1.2808571428571429,3282.3605442176868,,22.086190476190477,32.171428571428571,17.595238095238091,566.06752380952378,440.26647676260558,77.785147756472341,94.900000000000034,38.438095238095244,34.333333333333336,0,ExternalSensor,"D:\software\github\MSLB\artifacts\sessions\20260929_132756_5191e783\raw.csv"
"YKB-145","T10_1_00",1,PASS,0.99902000000000024,1.0017514285714286,1.394333333333333,3252.5782312925171,,24.10761904761905,32.119047619047613,19.167619047619048,615.65228571428554,474.92276520303261,77.148221119842901,94.900000000000034,40.047619047619051,34.595238095238109,0,ExternalSensor,"D:\software\github\MSLB\artifacts\sessions\20260929_132756_5191e783\raw.csv"
"YKB-145","T11_1_10",1,PASS,1.0993999999999997,1.1008339999999999,1.5086000000000004,3220.457142857143,,26.125999999999998,32.454999999999998,20.716000000000005,672.32590000000005,508.76850150993079,75.680269723411556,94.900000000000034,41.845000000000006,34.929999999999993,0,ExternalSensor,"D:\software\github\MSLB\artifacts\sessions\20260929_132756_5191e783\raw.csv"
"YKB-145","T12_1_20",1,PASS,1.1997800000000003,1.2031259999999999,1.6236000000000002,3187.7142857142858,,28.222000000000008,32.345000000000006,22.312999999999995,721.71564999999998,541.98463768015552,75.107998150287258,94.910000000000025,43.914999999999999,35.284999999999989,0,ExternalSensor,"D:\software\github\MSLB\artifacts\sessions\20260929_132756_5191e783\raw.csv"
"YKB-145","T13_1_30",1,PASS,1.3001600000000006,1.2996820000000002,1.7408500000000005,3153.0999999999995,,30.407499999999999,32.519999999999996,23.970500000000005,779.48570000000007,574.81467809724006,73.746347014701186,94.900000000000034,46.124999999999993,35.704999999999991,0,ExternalSensor,"D:\software\github\MSLB\artifacts\sessions\20260929_132756_5191e783\raw.csv"
"YKB-145","T14_1_40",1,PASS,1.4005399999999997,1.3965964999999998,1.8631499999999999,3117.3785714285709,,32.673000000000002,32.540000000000006,25.667999999999996,835.20199999999988,608.22695287280737,72.831659280258293,94.900000000000034,48.710000000000001,36.155000000000008,0,ExternalSensor,"D:\software\github\MSLB\artifacts\sessions\20260929_132756_5191e783\raw.csv"
"YKB-145","T15_1_50",1,PASS,1.5009200000000005,1.5027409523809525,1.9754285714285715,3081.2857142857138,,34.853333333333339,32.600000000000001,27.231428571428566,887.74985714285708,637.41444305537789,71.80682098113607,94.909523809523833,51.55714285714285,36.685714285714276,0,ExternalSensor,"D:\software\github\MSLB\artifacts\sessions\20260929_132756_5191e783\raw.csv"
"YKB-145","STALL_TRANSIENT",1,INVALID_TRANSIENT,,,,,,,,,,,,,,,0,ExternalSensor,"D:\software\github\MSLB\artifacts\sessions\20260929_132756_5191e783\raw.csv"
"YKB-145","NO_LOAD",1,PASS,0,0.00050696969696969714,0.26521212121212129,3533.2683982683989,,5.0254545454545436,31.557575757575762,3.7284848484848481,117.66157575757575,98.128834718765376,83.434494896769337,94.900000000000048,27.618181818181839,31,0,ExternalSensor,"D:\software\github\MSLB\artifacts\sessions\20260929_135804_eb404711\raw.csv"
"YKB-145","T01_0_10",1,PASS,0.10037999999999996,0.099810952380952375,0.37252380952380965,3506.986394557824,,6.7061904761904758,31.538095238095234,5.1747619047619038,163.19533333333331,136.8095995844063,83.84670564882849,94.909523809523847,28.123809523809523,31.100000000000012,0,ExternalSensor,"D:\software\github\MSLB\artifacts\sessions\20260929_135804_eb404711\raw.csv"
"YKB-145","T02_0_20",1,PASS,0.20075999999999991,0.20326949999999999,0.47744999999999999,3481.3571428571427,,8.4164999999999974,31.554999999999989,6.6129999999999995,208.66989999999993,174.0624864101901,83.420081868093263,94.900000000000034,28.759999999999998,31.115000000000016,0,ExternalSensor,"D:\software\github\MSLB\artifacts\sessions\20260929_135804_eb404711\raw.csv"
"YKB-145","T03_0_30",1,PASS,0.30114000000000007,0.29829476190476201,0.59047619047619049,3454.0340136054424,,10.283333333333337,31.795238095238098,8.1633333333333304,259.54680952380954,213.57852792811477,82.295331578482973,94.900000000000034,29.442857142857147,31.223809523809511,0,ExternalSensor,"D:\software\github\MSLB\artifacts\sessions\20260929_135804_eb404711\raw.csv"
"YKB-145","T04_0_40",1,PASS,0.39913000000000021,0.39674000000000004,0.70390476190476192,3425.8979591836737,,12.142857142857141,31.847619047619045,9.6799999999999979,308.28138095238103,252.53172366526525,81.920836765321269,94.909523809523847,30.214285714285705,31.371428571428559,0,ExternalSensor,"D:\software\github\MSLB\artifacts\sessions\20260929_135804_eb404711\raw.csv"
"YKB-145","T05_0_50",1,PASS,0.49951000000000012,0.5018999999999999,0.82019047619047625,3396.9387755102034,,14.148571428571429,32.028571428571425,11.293809523809522,361.72361904761902,291.76327875910954,80.662663141840511,94.900000000000034,31.052380952380968,31.5,0,ExternalSensor,"D:\software\github\MSLB\artifacts\sessions\20260929_135804_eb404711\raw.csv"
"YKB-145","T06_0_60",1,PASS,0.59989000000000015,0.59829666666666659,0.93152380952380942,3368.1292517006796,,16.011428571428574,32.004761904761907,12.773809523809527,408.8139523809524,328.55682758835871,80.371679385163475,94.909523809523833,32.000000000000014,31.700000000000003,0,ExternalSensor,"D:\software\github\MSLB\artifacts\sessions\20260929_135804_eb404711\raw.csv"
"YKB-145","T07_0_70",1,PASS,0.70026999999999984,0.70618809523809523,1.0449999999999999,3340.2721088435369,,17.928571428571431,32.109523809523807,14.293809523809527,458.96314285714288,365.5330461390181,79.644558204561491,94.900000000000034,33.109523809523814,31.899999999999988,0,ExternalSensor,"D:\software\github\MSLB\artifacts\sessions\20260929_135804_eb404711\raw.csv"
"YKB-145","T08_0_80",1,PASS,0.80065000000000042,0.80224333333333342,1.1686666666666665,3308.8163265306134,,20.070476190476196,32.195238095238089,15.981904761904767,514.53652380952394,404.94045704639694,78.704598836159477,94.900000000000034,34.333333333333336,32.14285714285716,0,ExternalSensor,"D:\software\github\MSLB\artifacts\sessions\20260929_135804_eb404711\raw.csv"
"YKB-145","T09_0_90",1,PASS,0.90103000000000011,0.90389800000000009,1.2822499999999999,3278.4214285714297,,22.075000000000003,32.174999999999997,17.528500000000001,563.97425000000021,440.21618670306282,78.06238584109613,94.900000000000034,35.724999999999994,32.384999999999984,0,ExternalSensor,"D:\software\github\MSLB\artifacts\sessions\20260929_135804_eb404711\raw.csv"
"YKB-145","T10_1_00",1,PASS,0.99902000000000013,0.99663000000000002,1.39195,3248.7357142857145,,24.021000000000004,32.325000000000003,19.055999999999997,615.99834999999985,473.55033979331267,76.88496753349456,94.900000000000034,37.32,32.685000000000002,0,ExternalSensor,"D:\software\github\MSLB\artifacts\sessions\20260929_135804_eb404711\raw.csv"
"YKB-145","T11_1_10",1,PASS,1.0993999999999997,1.0988024999999999,1.50695,3217.3214285714284,,26.063499999999994,32.555,20.641000000000009,671.98265000000015,507.71700371679009,75.565133821136087,94.900000000000034,39.109999999999999,33.035000000000011,0,ExternalSensor,"D:\software\github\MSLB\artifacts\sessions\20260929_135804_eb404711\raw.csv"
"YKB-145","T12_1_20",1,PASS,1.1997800000000003,1.2016009523809525,1.6216190476190473,3185.1428571428564,,28.150000000000006,32.395238095238106,22.207142857142852,719.40823809523795,540.8862938963706,75.198057737259461,94.900000000000034,41.114285714285714,33.428571428571416,0,ExternalSensor,"D:\software\github\MSLB\artifacts\sessions\20260929_135804_eb404711\raw.csv"
"YKB-145","T13_1_30",1,PASS,1.3001600000000006,1.295835238095238,1.7374285714285713,3152.5646258503402,,30.265238095238104,32.371428571428574,23.798095238095232,770.35676190476204,573.58700716121143,74.469891065131236,94.900000000000034,43.452380952380949,33.86666666666666,0,ExternalSensor,"D:\software\github\MSLB\artifacts\sessions\20260929_135804_eb404711\raw.csv"
"YKB-145","T14_1_40",1,PASS,1.4005399999999997,1.3933699999999998,1.8534285714285712,3117.1292517006796,,32.47904761904762,32.619047619047628,25.473333333333329,830.93223809523829,605.00462061125995,72.828487339100349,94.900000000000034,45.952380952380942,34.347619047619041,0,ExternalSensor,"D:\software\github\MSLB\artifacts\sessions\20260929_135804_eb404711\raw.csv"
"YKB-145","T15_1_50",1,PASS,1.5009200000000005,1.5013980000000002,1.9801499999999996,3079.0285714285719,,34.862499999999997,32.500000000000007,27.211500000000001,884.34610000000009,638.46886997405011,72.214113891535675,94.900000000000034,48.800000000000004,34.899999999999991,0,ExternalSensor,"D:\software\github\MSLB\artifacts\sessions\20260929_135804_eb404711\raw.csv"
"YKB-145","T16_1_60",1,PASS,1.5989100000000003,1.5975955000000002,2.0962500000000004,3035.5571428571434,,37.071000000000005,32.449999999999996,28.720999999999997,931.97794999999985,666.36175242435752,71.505409727171042,94.80000000000004,51.924999999999997,35.52000000000001,0,ExternalSensor,"D:\software\github\MSLB\artifacts\sessions\20260929_135804_eb404711\raw.csv"
"YKB-145","T17_1_70",1,PASS,1.6992900000000002,1.6962171428571431,2.199476190476191,2703.4761904761908,,39.414761904761903,33.071428571428562,27.678095238095228,915.33438095238068,622.68727931484545,68.030224693804485,86.628571428571448,55.88095238095238,36.261904761904752,0,ExternalSensor,"D:\software\github\MSLB\artifacts\sessions\20260929_135804_eb404711\raw.csv"
"YKB-145","T18_1_80",1,PASS,1.7996699999999997,1.7943209523809525,2.3086666666666664,2509.1564625850338,,40.966666666666647,33.433333333333344,27.439047619047621,917.37042857142853,606.62057893530357,66.129982603243022,81.976190476190467,59.866666666666667,37.047619047619058,0,ExternalSensor,"D:\software\github\MSLB\artifacts\sessions\20260929_135804_eb404711\raw.csv"
"YKB-145","T19_1_90",1,FAIL,,,,,,,,,,,,,,,0,ServoEstimated,"D:\software\github\MSLB\artifacts\sessions\20260929_135804_eb404711\raw.csv"
"YKB-145","NO_LOAD",1,PASS,0,0.0018106060606060609,0.26687878787878783,3528.874458874458,,5.1345454545454556,31.60909090909092,3.7909090909090892,119.82684848484845,98.622567057537736,82.31957373485595,94.912121212121264,26.757575757575736,33.100000000000009,0,ExternalSensor,"D:\software\github\MSLB\artifacts\sessions\20260930_062147_0f61973a\raw.csv"
"YKB-145","T01_0_10",1,PASS,0.10037999999999996,0.095958500000000002,0.37170000000000003,3503.2785714285724,,6.7469999999999981,31.590000000000003,5.1950000000000003,164.10980000000001,136.36231240959643,83.103189616435571,94.900000000000034,27.285000000000004,33.100000000000009,0,ExternalSensor,"D:\software\github\MSLB\artifacts\sessions\20260930_062147_0f61973a\raw.csv"
"YKB-145","T02_0_20",1,PASS,0.20075999999999991,0.1999235,0.48084999999999994,3475.3499999999999,,8.5314999999999976,31.70999999999999,6.6885000000000021,212.08819999999997,174.99929886751508,82.518622981526008,94.900000000000034,27.889999999999997,33.200000000000003,0,ExternalSensor,"D:\software\github\MSLB\artifacts\sessions\20260930_062147_0f61973a\raw.csv"
"YKB-145","T03_0_30",1,PASS,0.30114000000000007,0.30580619047619051,0.59133333333333327,3447.4285714285729,,10.367619047619046,31.700000000000003,8.2071428571428591,260.17114285714285,213.47940106277366,82.066669751202042,94.900000000000034,28.638095238095232,33.29999999999999,0,ExternalSensor,"D:\software\github\MSLB\artifacts\sessions\20260930_062147_0f61973a\raw.csv"
"YKB-145","T04_0_40",1,PASS,0.39913000000000021,0.40755190476190473,0.70209523809523822,3419.8095238095239,,12.218095238095234,31.923809523809528,9.7147619047619056,310.12999999999994,251.43498084706994,81.078921888755232,94.900000000000034,29.38095238095238,33.399999999999991,0,ExternalSensor,"D:\software\github\MSLB\artifacts\sessions\20260930_062147_0f61973a\raw.csv"
"YKB-145","T05_0_50",1,PASS,0.49951000000000012,0.49768904761904753,0.81876190476190469,3390.7891156462583,,14.20047619047619,31.942857142857147,11.282380952380953,360.38638095238099,290.72764383611269,80.674300920630117,94.900000000000034,30.204761904761899,33.542857142857152,0,ExternalSensor,"D:\software\github\MSLB\artifacts\sessions\20260930_062147_0f61973a\raw.csv"
"YKB-145","T06_0_60",1,PASS,0.59989000000000015,0.60383350000000013,0.93409999999999993,3361.5928571428572,,16.142500000000002,32.019999999999996,12.845499999999998,411.30855000000008,328.82666582021682,79.947137598507851,94.900000000000034,31.194999999999993,33.704999999999998,0,ExternalSensor,"D:\software\github\MSLB\artifacts\sessions\20260930_062147_0f61973a\raw.csv"
"YKB-145","T07_0_70",1,PASS,0.70026999999999984,0.70231857142857146,1.048,3333.25850340136,,18.069523809523805,32.204761904761902,14.365714285714287,462.64057142857138,365.81200603145055,79.071395503934426,94.900000000000034,32.276190476190472,33.866666666666653,0,ExternalSensor,"D:\software\github\MSLB\artifacts\sessions\20260930_062147_0f61973a\raw.csv"
"YKB-145","T08_0_80",1,PASS,0.80065000000000042,0.80076380952380954,1.1644285714285714,3303.163265306122,,20.074761904761914,32.095238095238095,15.944761904761906,511.74952380952374,402.78297007249228,78.709813041710348,94.923809523809553,33.50952380952382,34.052380952380965,0,ExternalSensor,"D:\software\github\MSLB\artifacts\sessions\20260930_062147_0f61973a\raw.csv"
"YKB-145","T09_0_90",1,PASS,0.90103,0.89807095238095247,1.2821428571428573,3271.721088435374,,22.158571428571424,32.133333333333333,17.555714285714281,564.1103333333333,439.27966261687305,77.873197882093834,94.909523809523833,34.885714285714286,34.280952380952371,0,ExternalSensor,"D:\software\github\MSLB\artifacts\sessions\20260930_062147_0f61973a\raw.csv"
"YKB-145","T10_1_00",1,FAIL,,,,,,,,,,,,,,,0,ServoEstimated,"D:\software\github\MSLB\artifacts\sessions\20260930_062147_0f61973a\raw.csv"
"YKB-145","NO_LOAD",1,PASS,0,0.0010139393939393934,0.22178787878787878,3544.4718614718613,,4.5078787878787878,31.609090909090906,3.1703030303030291,100.21036363636368,82.322232241477792,82.170437011995674,94.912121212121264,33.936363636363623,38.200000000000024,0,ExternalSensor,"D:\software\github\MSLB\artifacts\sessions\20261002_143923_26a4ca33\raw.csv"
"YKB-145","T01_0_10",1,PASS,0.10037999999999996,0.098900476190476178,0.34533333333333338,3511.9251700680275,,6.2909523809523815,31.700000000000014,4.8009523809523804,152.19200000000001,127.00115337415355,83.467353184732318,94.900000000000034,34.442857142857143,38.204761904761916,0,ExternalSensor,"D:\software\github\MSLB\artifacts\sessions\20261002_143923_26a4ca33\raw.csv"
"YKB-145","T02_0_20",1,PASS,0.20075999999999991,0.20087380952380948,0.4622857142857143,3480.9523809523794,,8.1890476190476189,31.747619047619043,6.4052380952380945,203.3444761904762,168.51435175347572,82.875758313757089,94.900000000000034,35.07619047619049,38.29999999999999,0,ExternalSensor,"D:\software\github\MSLB\artifacts\sessions\20261002_143923_26a4ca33\raw.csv"
"YKB-145","T03_0_30",1,PASS,0.30114000000000007,0.30747350000000007,0.5736,3452.6714285714288,,10.055,31.77000000000001,7.956999999999999,252.79329999999996,207.39240508234184,82.047207992292002,94.900000000000034,35.72999999999999,38.399999999999991,0,ExternalSensor,"D:\software\github\MSLB\artifacts\sessions\20261002_143923_26a4ca33\raw.csv"
"YKB-145","T04_0_40",1,PASS,0.39913000000000021,0.39399149999999999,0.68425000000000002,3423.3071428571429,,11.889499999999998,31.994999999999994,9.432500000000001,301.79254999999995,245.29528137292951,81.283022191757226,94.900000000000034,36.460000000000001,38.5,0,ExternalSensor,"D:\software\github\MSLB\artifacts\sessions\20261002_143923_26a4ca33\raw.csv"
"YKB-145","T05_0_50",1,PASS,0.49951000000000007,0.49664199999999992,0.79860000000000009,3393.2857142857147,,13.836500000000001,32.125,10.999500000000001,353.35525000000007,283.77765210440703,80.311742001461809,94.900000000000034,37.314999999999998,38.685000000000009,0,ExternalSensor,"D:\software\github\MSLB\artifacts\sessions\20261002_143923_26a4ca33\raw.csv"
"YKB-145","T06_0_60",1,PASS,0.59989000000000015,0.60216619047619047,0.91447619047619066,3362.6394557823128,,15.79857142857143,32.100000000000001,12.570952380952384,403.52885714285719,322.01880568852658,79.805413978809824,94.900000000000034,38.271428571428565,38.828571428571422,0,ExternalSensor,"D:\software\github\MSLB\artifacts\sessions\20261002_143923_26a4ca33\raw.csv"
"YKB-145","T07_0_70",1,PASS,0.70026999999999984,0.70118047619047608,1.0282857142857142,3333.3741496598632,,17.755714285714287,32.300000000000004,14.115714285714287,455.9362857142857,358.94382340272529,78.728281872515964,94.900000000000034,39.29999999999999,39,0,ExternalSensor,"D:\software\github\MSLB\artifacts\sessions\20261002_143923_26a4ca33\raw.csv"
"YKB-145","T08_0_80",1,PASS,0.80065000000000042,0.79754300000000011,1.1443499999999998,3302.7357142857136,,19.776499999999999,32.289999999999999,15.694999999999999,506.77609999999987,395.78681399026283,78.104132006024614,94.900000000000034,40.555000000000021,39.219999999999992,0,ExternalSensor,"D:\software\github\MSLB\artifacts\sessions\20261002_143923_26a4ca33\raw.csv"
"YKB-145","T09_0_90",1,PASS,0.90103000000000011,0.89840100000000001,1.2588000000000004,3271.4357142857143,,21.781500000000001,32.114999999999995,17.254999999999999,554.14954999999998,431.2445221467172,77.827389406354584,94.900000000000034,41.93,39.469999999999999,0,ExternalSensor,"D:\software\github\MSLB\artifacts\sessions\20261002_143923_26a4ca33\raw.csv"
"YKB-145","T10_1_00",1,PASS,0.99902000000000024,1.0030033333333332,1.3727619047619046,3238.8707482993186,,23.795714285714286,32.36666666666666,18.795238095238091,608.34485714285711,465.60466319090381,76.54166751046931,94.900000000000034,43.509523809523813,39.714285714285715,0,ExternalSensor,"D:\software\github\MSLB\artifacts\sessions\20261002_143923_26a4ca33\raw.csv"
"YKB-145","T11_1_10",1,PASS,1.0993999999999997,1.0990585714285714,1.4868571428571429,3206.3129251700675,,25.89380952380953,32.519047619047605,20.372857142857139,662.51576190476192,499.23355751192054,75.362643959943497,94.914285714285754,45.223809523809514,40.028571428571432,0,ExternalSensor,"D:\software\github\MSLB\artifacts\sessions\20261002_143923_26a4ca33\raw.csv"
"YKB-145","T12_1_20",1,PASS,1.1997800000000003,1.1995523809523809,1.6048571428571428,3169.3469387755094,,28.055238095238089,32.785714285714285,21.99523809523809,721.13233333333324,532.64108068202745,73.871800016171264,94.909523809523833,47.276190476190472,40.347619047619041,0,ExternalSensor,"D:\software\github\MSLB\artifacts\sessions\20261002_143923_26a4ca33\raw.csv"
"YKB-145","T13_1_30",1,PASS,1.3001600000000006,1.3048261904761904,1.7204761904761905,3133.7346938775509,,30.255238095238091,32.523809523809526,23.628095238095234,768.46671428571449,564.59801511852811,73.482883243764391,94.900000000000034,49.523809523809533,40.738095238095219,0,ExternalSensor,"D:\software\github\MSLB\artifacts\sessions\20261002_143923_26a4ca33\raw.csv"
"YKB-145","T14_1_40",1,PASS,1.4005399999999997,1.3988328571428572,1.8347142857142855,3097.1428571428573,,32.464761904761907,32.81428571428571,25.27238095238096,829.25104761904765,595.05630015285612,71.764762672749939,94.900000000000034,52,41.142857142857167,0,ExternalSensor,"D:\software\github\MSLB\artifacts\sessions\20261002_143923_26a4ca33\raw.csv"
"YKB-145","T15_1_50",1,PASS,1.5009200000000005,1.5020580952380951,1.9494285714285715,3059.1904761904757,,34.732857142857149,32.804761904761911,26.93666666666666,883.64804761904759,624.5137820494017,70.682999293060192,94.900000000000034,54.785714285714285,41.595238095238109,0,ExternalSensor,"D:\software\github\MSLB\artifacts\sessions\20261002_143923_26a4ca33\raw.csv"
"YKB-145","T16_1_60",1,PASS,1.5989100000000003,1.6019828571428572,2.0613333333333332,3021.4149659863951,,36.92285714285714,32.990476190476201,28.507619047619045,940.48047619047634,652.20962263305046,69.358018345907311,94.900000000000034,57.880952380952372,42.100000000000016,0,ExternalSensor,"D:\software\github\MSLB\artifacts\sessions\20261002_143923_26a4ca33\raw.csv"
"YKB-145","T17_1_70",1,PASS,1.6992900000000002,1.6945099999999997,2.1659999999999995,2681.1285714285714,,39.19100000000001,33.489999999999995,27.438499999999994,918.89944999999989,608.1410333057247,66.185113728382319,86.240000000000009,61.694999999999993,42.704999999999984,0,ExternalSensor,"D:\software\github\MSLB\artifacts\sessions\20261002_143923_26a4ca33\raw.csv"
"YKB-145","T18_1_80",1,PASS,1.7996699999999997,1.7952314285714286,2.2755714285714284,2443.0612244897961,,40.826666666666654,34.042857142857144,26.907619047619043,915.9829523809525,582.17361817531309,63.560091829300681,81.466666666666654,65.795238095238091,43.399999999999991,0,ExternalSensor,"D:\software\github\MSLB\artifacts\sessions\20261002_143923_26a4ca33\raw.csv"
"YKB-145","T19_1_90",1,PASS,1.9000500000000002,1.8976600000000001,2.3822999999999999,2188.3071428571429,,42.73299999999999,34.345000000000013,26.148500000000002,898.07125000000019,545.92444993516074,60.789750284028955,75.085000000000008,70.204999999999984,44.214999999999982,0,ExternalSensor,"D:\software\github\MSLB\artifacts\sessions\20261002_143923_26a4ca33\raw.csv"
"YKB-145","T20_2_00",1,PASS,2.0004300000000006,1.9966742857142852,2.4915238095238101,1954.3945578231292,,44.900476190476191,34.480952380952374,25.557619047619049,881.24804761904761,509.92448066046302,57.864384720506472,70.309523809523824,74.747619047619054,45.09047619047621,0,ExternalSensor,"D:\software\github\MSLB\artifacts\sessions\20261002_143923_26a4ca33\raw.csv"
"YKB-145","T21_2_10",1,PASS,2.1008100000000005,2.1021757142857149,2.5994285714285716,1746.1428571428571,,47.035714285714292,34.728571428571428,25.044761904761902,869.76528571428594,475.32019804509025,54.649765696819337,65.161904761904765,79.652380952380966,46.028571428571439,0,ExternalSensor,"D:\software\github\MSLB\artifacts\sessions\20261002_143923_26a4ca33\raw.csv"
"YKB-145","T22_2_20",1,PASS,2.2011899999999995,2.1992780000000001,2.7068500000000002,1555.714285714286,,49.299999999999983,34.899999999999991,24.589999999999989,858.19100000000037,440.98381242801997,51.385275821818219,61.700000000000024,84.299999999999983,46.899999999999984,0,ExternalSensor,"D:\software\github\MSLB\artifacts\sessions\20261002_143923_26a4ca33\raw.csv"
"YKB-145","T23_2_30",1,PASS,2.2991800000000002,2.2979280952380949,2.8125238095238094,1417.6734693877556,,49.93238095238096,34.766666666666666,24.546190476190471,853.39652380952373,417.54189453113531,48.926432877796415,58.042857142857137,87.557142857142864,47.50952380952382,0,ExternalSensor,"D:\software\github\MSLB\artifacts\sessions\20261002_143923_26a4ca33\raw.csv"
"YKB-145","T24_2_40",1,PASS,2.3900000000000001,2.3910242857142863,2.9094285714285713,1245.25850340136,,53.548571428571449,35.152380952380952,24.066190476190464,845.98599999999988,379.39869042749126,44.847102032531225,54.747619047619061,93.995238095238136,48.614285714285721,0,ExternalSensor,"D:\software\github\MSLB\artifacts\sessions\20261002_143923_26a4ca33\raw.csv"
"YKB-145","T25_2_50",1,PASS,2.3900000000000001,2.3894309523809527,2.9097142857142853,1240.7959183673472,,53.431904761904747,34.91904761904761,24.057619047619049,840.06657142857148,378.07613263639718,45.00567948879663,54.780952380952385,98.152380952380938,49.357142857142854,0,ExternalSensor,"D:\software\github\MSLB\artifacts\sessions\20261002_143923_26a4ca33\raw.csv"
"YKB-145","T26_2_60",1,PASS,2.3900000000000001,2.391251904761905,2.9101904761904764,1232.5442176870752,,53.511904761904752,34.947619047619042,24.111428571428579,842.63538095238096,375.62311440309691,44.577488104069367,54.647619047619067,102.10952380952384,50.033333333333346,0,ExternalSensor,"D:\software\github\MSLB\artifacts\sessions\20261002_143923_26a4ca33\raw.csv"
"YKB-145","T34_3_40",1,PASS,2.3900000000000001,2.3912519047619041,2.9103809523809523,1153.9659863945583,,53.874285714285719,34.780952380952378,24.01761904761905,835.35571428571438,351.69916114389713,42.10196497773854,53.857142857142847,131.24761904761903,55.29999999999999,0,ExternalSensor,"D:\software\github\MSLB\artifacts\sessions\20261002_143923_26a4ca33\raw.csv"
"YKB-145","T33_3_30",1,PASS,2.3900000000000001,2.390455238095238,2.9107142857142856,1164.0408163265304,,53.82,34.804761904761904,24.030952380952375,836.39214285714286,354.81048337684376,42.42179794797417,54.019047619047612,127.6047619047619,54.642857142857153,0,ExternalSensor,"D:\software\github\MSLB\artifacts\sessions\20261002_143923_26a4ca33\raw.csv"
"YKB-145","T27_2_70",1,PASS,2.3900000000000001,2.3909559999999996,2.9110999999999998,1219.0785714285714,,53.542500000000004,34.919999999999995,24.052500000000006,839.91399999999999,371.63544646666594,44.247197326708886,54.770000000000003,105.88,50.689999999999991,0,ExternalSensor,"D:\software\github\MSLB\artifacts\sessions\20261002_143923_26a4ca33\raw.csv"
"YKB-145","T28_2_80",1,PASS,2.3900000000000001,2.3898861904761901,2.9115238095238101,1208.0544217687075,,53.626190476190473,34.961904761904755,24.042380952380956,840.56771428571437,368.3285485504889,43.819200365566417,54.371428571428588,109.57142857142857,51.34285714285712,0,ExternalSensor,"D:\software\github\MSLB\artifacts\sessions\20261002_143923_26a4ca33\raw.csv"
"YKB-145","T29_2_90",1,PASS,2.3900000000000001,2.391934761904762,2.9132857142857143,1200.7687074829928,,53.653333333333336,34.861904761904754,24.046190476190471,838.29647619047648,366.3287139622102,43.699329238902592,54.17619047619047,113.21428571428571,52,0,ExternalSensor,"D:\software\github\MSLB\artifacts\sessions\20261002_143923_26a4ca33\raw.csv"
"YKB-145","T30_3_00",1,PASS,2.3900000000000001,2.3921623809523811,2.9137142857142857,1189.4489795918369,,53.69761904761905,34.847619047619048,24.034761904761908,837.55228571428574,362.92854045043777,43.332102683290181,54.190476190476204,116.97142857142856,52.661904761904779,0,ExternalSensor,"D:\software\github\MSLB\artifacts\sessions\20261002_143923_26a4ca33\raw.csv"
"YKB-145","T32_3_20",1,PASS,2.3900000000000001,2.3879685000000004,2.9138999999999995,1169.8428571428572,,53.758500000000005,34.854999999999997,24.006,836.72564999999997,356.96921886668588,42.66269717791041,53.97499999999998,124.05500000000002,53.944999999999993,0,ExternalSensor,"D:\software\github\MSLB\artifacts\sessions\20261002_143923_26a4ca33\raw.csv"
"YKB-145","T31_3_10",1,PASS,2.3900000000000001,2.3869271428571426,2.9145714285714286,1182.5714285714287,,53.762380952380944,34.799999999999997,24.051904761904762,837.0064285714285,360.93634256811066,43.123003874015488,54.052380952380958,120.52857142857147,53.304761904761889,0,ExternalSensor,"D:\software\github\MSLB\artifacts\sessions\20261002_143923_26a4ca33\raw.csv"
"YKB-145","STALL_TRANSIENT",1,INVALID_TRANSIENT,,,,,,,,,,,,,,,0,ExternalSensor,"D:\software\github\MSLB\artifacts\sessions\20261002_143923_26a4ca33\raw.csv"
"YKB-145","NO_LOAD",1,PASS,0,0.0031142424242424243,0.24442424242424235,3541.6493506493507,,4.7072727272727279,31.60909090909092,3.4087878787878783,107.75069696969697,90.651970229593616,84.152472460627564,94.900000000000048,36.251515151515129,39.5,0,ExternalSensor,"D:\software\github\MSLB\artifacts\sessions\20261002_154222_8ef8b4c3\raw.csv"
"YKB-145","T01_0_10",1,PASS,0.10037999999999996,0.099423999999999985,0.35079999999999995,3514.8000000000006,,6.2815000000000021,31.650000000000006,4.822000000000001,152.6206,129.11848641281262,84.624457001928008,94.900000000000034,36.789999999999992,39.5,0,ExternalSensor,"D:\software\github\MSLB\artifacts\sessions\20261002_154222_8ef8b4c3\raw.csv"
"YKB-145","T02_0_20",1,PASS,0.20075999999999991,0.19633850000000003,0.46345000000000008,3484.6785714285716,,8.0965000000000025,31.695000000000011,6.3555000000000001,201.44050000000001,169.11932725344653,83.961331382414144,94.900000000000034,37.379999999999988,39.600000000000009,0,ExternalSensor,"D:\software\github\MSLB\artifacts\sessions\20261002_154222_8ef8b4c3\raw.csv"
"YKB-145","T03_0_30",1,PASS,0.30114000000000007,0.30284714285714287,0.57285714285714273,3456.6598639455792,,9.9152380952380934,31.871428571428581,7.8614285714285712,250.55233333333334,207.36266887492562,82.767712690661114,94.900000000000034,38.042857142857152,39.70000000000001,0,ExternalSensor,"D:\software\github\MSLB\artifacts\sessions\20261002_154222_8ef8b4c3\raw.csv"
"YKB-145","T04_0_40",1,PASS,0.39913000000000021,0.39709849999999997,0.68499999999999994,3427.0357142857147,,11.808500000000002,31.975000000000001,9.4065000000000012,300.77175,245.83124904760393,81.738949854116598,94.900000000000034,38.82,39.79999999999999,0,ExternalSensor,"D:\software\github\MSLB\artifacts\sessions\20261002_154222_8ef8b4c3\raw.csv"
"YKB-145","T05_0_50",1,PASS,0.49951000000000012,0.49882714285714291,0.80319047619047623,3397.3605442176868,,13.797142857142855,31.985714285714284,11.002380952380951,351.91676190476181,285.75131334341427,81.201766274388319,94.900000000000034,39.628571428571441,39.909523809523797,0,ExternalSensor,"D:\software\github\MSLB\artifacts\sessions\20261002_154222_8ef8b4c3\raw.csv"
"YKB-145","T06_0_60",1,PASS,0.59989000000000015,0.60375952380952369,0.91785714285714293,3367.5850340136039,,15.757142857142856,32.090476190476188,12.562857142857142,403.14752380952382,323.6846141779036,80.293321435797651,94.909523809523833,40.561904761904785,40.100000000000009,0,ExternalSensor,"D:\software\github\MSLB\artifacts\sessions\20261002_154222_8ef8b4c3\raw.csv"
"YKB-145","T07_0_70",1,PASS,0.70026999999999984,0.70313800000000004,1.03135,3336.7214285714299,,17.724499999999999,32.079999999999998,14.116500000000002,452.85429999999997,360.37452279160397,79.582270533406273,94.900000000000034,41.610000000000021,40.269999999999989,0,ExternalSensor,"D:\software\github\MSLB\artifacts\sessions\20261002_154222_8ef8b4c3\raw.csv"
"YKB-145","T08_0_80",1,PASS,0.80065000000000042,0.807137142857143,1.1452857142857145,3304.4013605442187,,19.697142857142854,32.266666666666666,15.655714285714287,505.15623809523805,396.31018003154833,78.456570771835658,94.900000000000034,42.804761904761897,40.471428571428568,0,ExternalSensor,"D:\software\github\MSLB\artifacts\sessions\20261002_154222_8ef8b4c3\raw.csv"
"YKB-145","T09_0_90",1,PASS,0.90103000000000011,0.9021055,1.2603,3271.8142857142861,,21.747,32.240000000000009,17.224,555.29500000000007,431.80827870440919,77.764232771108226,94.900000000000034,44.164999999999999,40.670000000000016,0,ExternalSensor,"D:\software\github\MSLB\artifacts\sessions\20261002_154222_8ef8b4c3\raw.csv"
"YKB-145","T10_1_00",1,PASS,0.99902000000000013,0.99890049999999986,1.3730499999999999,3236.8571428571431,,23.850999999999999,32.304999999999993,18.828000000000007,608.23574999999994,465.41280249441462,76.521867606734503,94.900000000000034,45.704999999999984,40.939999999999998,0,ExternalSensor,"D:\software\github\MSLB\artifacts\sessions\20261002_154222_8ef8b4c3\raw.csv"
"YKB-145","T11_1_10",1,PASS,1.0993999999999997,1.0997414285714289,1.4936190476190472,3202.7074829931976,,26.071904761904761,32.333333333333329,20.478571428571431,662.14228571428555,500.9396311033305,75.659195148653595,94.900000000000034,47.480952380952374,41.209523809523816,0,ExternalSensor,"D:\software\github\MSLB\artifacts\sessions\20261002_154222_8ef8b4c3\raw.csv"
"YKB-145","T12_1_20",1,PASS,1.1997800000000003,1.1996661904761905,1.6070000000000004,3167.1496598639446,,28.223809523809521,32.657142857142844,22.07238095238095,720.81119047619018,532.98237732392749,73.957119169770309,94.900000000000034,49.423809523809531,41.533333333333339,0,ExternalSensor,"D:\software\github\MSLB\artifacts\sessions\20261002_154222_8ef8b4c3\raw.csv"
"YKB-145","STALL_TRANSIENT",1,INVALID_TRANSIENT,,,,,,,,,,,,,,,0,ExternalSensor,"D:\software\github\MSLB\artifacts\sessions\20261002_154222_8ef8b4c3\raw.csv"
"YKB-145","NO_LOAD",1,PASS,0,-0.0018830303030303024,0.2360000000000001,3547.2380952380931,,4.5833333333333313,31.521212121212123,3.2900000000000005,103.70478787878788,87.665875985714237,84.539606006675399,94.900000000000048,40.46060606060604,40.200000000000024,0,ExternalSensor,"D:\software\github\MSLB\artifacts\sessions\20261002_154845_cf8d9841\raw.csv"
"YKB-145","T01_0_10",1,PASS,0.10037999999999996,0.10133599999999998,0.34665000000000001,3518.4571428571426,,6.2645000000000008,31.555,4.7734999999999994,150.62565000000001,127.72378607822868,84.807540264138098,94.900000000000034,40.980000000000004,40.29999999999999,0,ExternalSensor,"D:\software\github\MSLB\artifacts\sessions\20261002_154845_cf8d9841\raw.csv"
"YKB-145","T02_0_20",1,PASS,0.20075999999999991,0.200521,0.45135000000000003,3490.9000000000005,,7.9784999999999995,31.640000000000004,6.2309999999999999,197.15250000000006,164.99820246642895,83.70421012251002,94.900000000000034,41.545000000000009,40.399999999999991,0,ExternalSensor,"D:\software\github\MSLB\artifacts\sessions\20261002_154845_cf8d9841\raw.csv"
"YKB-145","T03_0_30",1,PASS,0.30114000000000007,0.30209600000000003,0.56505000000000005,3461.5857142857139,,9.855500000000001,31.825000000000006,7.7814999999999994,247.64495000000005,204.82855655373501,82.713861977097181,94.900000000000034,42.189999999999998,40.520000000000003,0,ExternalSensor,"D:\software\github\MSLB\artifacts\sessions\20261002_154845_cf8d9841\raw.csv"
"YKB-145","T04_0_40",1,PASS,0.39913000000000021,0.39844714285714289,0.67542857142857149,3432.5102040816328,,11.727619047619047,31.809523809523803,9.2976190476190457,295.75304761904761,242.7834286248291,82.092945912273251,94.900000000000034,42.895238095238092,40.70000000000001,0,ExternalSensor,"D:\software\github\MSLB\artifacts\sessions\20261002_154845_cf8d9841\raw.csv"
"YKB-145","T05_0_50",1,PASS,0.49951000000000007,0.49831500000000001,0.78875000000000017,3402.8785714285709,,13.644499999999997,31.999999999999993,10.8445,347.02010000000001,281.0698019445386,80.996617014641501,94.900000000000034,43.670000000000002,40.79999999999999,0,ExternalSensor,"D:\software\github\MSLB\artifacts\sessions\20261002_154845_cf8d9841\raw.csv"
"YKB-145","T06_0_60",1,PASS,0.59989000000000015,0.59869499999999998,0.90310000000000001,3372.5142857142846,,15.592500000000005,32.060000000000002,12.419499999999999,398.16785000000016,318.94675186775328,80.105980871577714,94.900000000000034,44.570000000000014,40.980000000000004,0,ExternalSensor,"D:\software\github\MSLB\artifacts\sessions\20261002_154845_cf8d9841\raw.csv"
"YKB-145","T07_0_70",1,PASS,0.70026999999999984,0.69560949999999988,1.0216499999999997,3341.4642857142853,,17.6265,32.010000000000005,14.007,448.36329999999987,357.49298893388357,79.734716639557078,94.900000000000034,45.629999999999995,41.190000000000012,0,ExternalSensor,"D:\software\github\MSLB\artifacts\sessions\20261002_154845_cf8d9841\raw.csv"
"YKB-145","T08_0_80",1,PASS,0.80065000000000042,0.79791857142857148,1.1355238095238096,3310.3197278911575,,19.609523809523807,32.12380952380952,15.559523809523805,499.82476190476189,393.63589109281816,78.759192968263321,94.900000000000034,46.79999999999999,41.399999999999991,0,ExternalSensor,"D:\software\github\MSLB\artifacts\sessions\20261002_154845_cf8d9841\raw.csv"
"YKB-145","T09_0_90",1,PASS,0.90103000000000011,0.90043249999999997,1.25135,3277,,21.649999999999991,32.260000000000005,17.157,553.49215000000004,429.42148584976911,77.59520269360749,94.900000000000034,48.194999999999986,41.600000000000009,0,ExternalSensor,"D:\software\github\MSLB\artifacts\sessions\20261002_154845_cf8d9841\raw.csv"
"YKB-145","T10_1_00",1,PASS,0.99902000000000024,0.99719904761904754,1.3635714285714287,3244.7006802721089,,23.65333333333334,32.423809523809517,18.690952380952382,606.02952380952388,463.31979140249939,76.457541108128368,94.909523809523833,49.69047619047619,41.876190476190466,0,ExternalSensor,"D:\software\github\MSLB\artifacts\sessions\20261002_154845_cf8d9841\raw.csv"
"YKB-145","T11_1_10",1,PASS,1.0993999999999997,1.0971238095238096,1.4786190476190473,3211.1428571428578,,25.73952380952381,32.342857142857142,20.27476190476191,655.73799999999994,497.21536205991072,75.830573002258745,94.900000000000034,51.452380952380963,42.171428571428592,0,ExternalSensor,"D:\software\github\MSLB\artifacts\sessions\20261002_154845_cf8d9841\raw.csv"
"YKB-145","T12_1_20",1,PASS,1.1997800000000003,1.203365,1.5928499999999999,3175.7071428571421,,27.896499999999996,32.310000000000002,21.898499999999999,707.54305000000011,529.71675875979292,74.873859160839373,94.900000000000034,53.365000000000009,42.494999999999997,0,ExternalSensor,"D:\software\github\MSLB\artifacts\sessions\20261002_154845_cf8d9841\raw.csv"
"YKB-145","T13_1_30",1,PASS,1.3001600000000006,1.3014745000000001,1.7072000000000003,3138.3999999999996,,30.099499999999995,32.409999999999997,23.500000000000007,761.63070000000005,561.07558385721882,73.673177947117352,94.900000000000034,55.574999999999989,42.85499999999999,0,ExternalSensor,"D:\software\github\MSLB\artifacts\sessions\20261002_154845_cf8d9841\raw.csv"
"YKB-145","T14_1_40",1,PASS,1.4005399999999997,1.4014960000000001,1.8224499999999999,3097.321428571428,,32.499499999999983,32.535000000000011,25.280000000000008,822.47090000000003,591.11299599268318,71.876404068933638,94.900000000000034,58.045000000000002,43.200000000000003,0,ExternalSensor,"D:\software\github\MSLB\artifacts\sessions\20261002_154845_cf8d9841\raw.csv"
"YKB-145","T15_1_50",1,PASS,1.5009200000000005,1.5029685714285717,1.9370000000000001,3058.3469387755113,,34.80333333333332,32.500000000000007,26.971904761904767,876.59357142857141,620.36110804968371,70.783026969233134,94.900000000000034,60.957142857142877,43.59047619047621,0,ExternalSensor,"D:\software\github\MSLB\artifacts\sessions\20261002_154845_cf8d9841\raw.csv"
"YKB-145","T16_1_60",1,PASS,1.5989100000000003,1.591262,2.0506000000000002,3018.9857142857154,,37.091499999999996,32.774999999999999,28.589999999999993,937.03104999999994,648.29199814330332,69.198285935946345,94.900000000000034,64.129999999999981,44.010000000000005,0,ExternalSensor,"D:\software\github\MSLB\artifacts\sessions\20261002_154845_cf8d9841\raw.csv"
"YKB-145","T17_1_70",1,PASS,1.6992900000000002,1.7029319047619047,2.153714285714285,2682.5102040816337,,39.37619047619048,33.647619047619045,27.532380952380954,926.36904761904759,605.00172835135663,65.314592062726618,87.119047619047635,68,44.585714285714303,0,ExternalSensor,"D:\software\github\MSLB\artifacts\sessions\20261002_154845_cf8d9841\raw.csv"
"YKB-145","T18_1_80",1,PASS,1.7996699999999997,1.7940535,2.2615499999999993,2483.7142857142849,,40.973499999999994,33.695000000000007,27.302,919.92685000000006,588.2145282025615,63.94459783772087,82.334999999999994,72.010000000000005,45.199999999999989,0,ExternalSensor,"D:\software\github\MSLB\artifacts\sessions\20261002_154845_cf8d9841\raw.csv"
"YKB-145","T19_1_90",1,PASS,1.9000500000000002,1.8974210000000002,2.3695499999999994,2220.1785714285711,,42.911000000000016,34.025000000000013,26.466500000000003,900.51814999999988,550.91193846024294,61.177781890853794,75.710000000000008,76.530000000000001,45.949999999999996,0,ExternalSensor,"D:\software\github\MSLB\artifacts\sessions\20261002_154845_cf8d9841\raw.csv"
"YKB-145","T20_2_00",1,PASS,2.0004300000000006,2.0002023809523815,2.476714285714285,1993.1632653061229,,44.999523809523815,34.352380952380955,25.890000000000004,889.38390476190466,516.94819349691954,58.12563141977347,70.414285714285725,81.195238095238096,46.742857142857133,0,ExternalSensor,"D:\software\github\MSLB\artifacts\sessions\20261002_154845_cf8d9841\raw.csv"
"YKB-145","T21_2_10",1,PASS,2.1008100000000005,2.0992166666666665,2.5831904761904765,1786.761904761905,,47.095714285714294,34.452380952380935,25.400000000000006,875.0927619047618,483.33850135957118,55.234052014516998,66.380952380952408,86.23333333333332,47.64761904761906,0,ExternalSensor,"D:\software\github\MSLB\artifacts\sessions\20261002_154845_cf8d9841\raw.csv"
"YKB-145","T22_2_20",1,PASS,2.2011899999999995,2.2007347619047621,2.6902380952380951,1593.1972789115646,,49.229999999999997,34.576190476190483,24.942857142857147,862.42590476190492,448.83721810334129,52.044007672732924,61.980952380952374,91.69047619047619,48.585714285714303,0,ExternalSensor,"D:\software\github\MSLB\artifacts\sessions\20261002_154845_cf8d9841\raw.csv"
"YKB-145","T23_2_30",1,PASS,2.2991800000000002,2.3041876190476196,2.7931428571428567,1425.8707482993198,,51.350952380952378,34.676190476190477,24.622380952380961,853.80738095238121,417.06317208869206,48.847835808058051,58.290476190476198,97.723809523809564,49.638095238095254,0,ExternalSensor,"D:\software\github\MSLB\artifacts\sessions\20261002_154845_cf8d9841\raw.csv"
"YKB-145","T27_2_70",1,PASS,2.3900000000000001,2.3887480952380953,2.8895714285714287,1240.761904761905,,53.470952380952397,34.67619047619047,24.265238095238097,841.42657142857138,375.44855796938111,44.620790119233497,55.304761904761897,115.3952380952381,52.561904761904771,0,ExternalSensor,"D:\software\github\MSLB\artifacts\sessions\20261002_154845_cf8d9841\raw.csv"
"YKB-145","T26_2_60",1,PASS,2.3900000000000001,2.3893171428571431,2.8896666666666668,1252.918367346939,,53.48142857142858,34.647619047619052,24.312380952380945,842.3679047619047,379.13941856140059,45.009012675170162,55.109523809523793,111.60000000000002,51.914285714285704,0,ExternalSensor,"D:\software\github\MSLB\artifacts\sessions\20261002_154845_cf8d9841\raw.csv"
"YKB-145","T28_2_80",1,PASS,2.3900000000000001,2.388406666666667,2.8899523809523808,1233.074829931973,,53.537142857142847,34.547619047619051,24.310000000000002,839.85052380952379,373.17138058965037,44.433263431846072,55.066666666666663,118.95714285714286,53.19047619047619,0,ExternalSensor,"D:\software\github\MSLB\artifacts\sessions\20261002_154845_cf8d9841\raw.csv"
"YKB-145","T25_2_50",1,PASS,2.3900000000000001,2.3860565000000005,2.8902500000000004,1264.285714285714,,53.426999999999985,34.620000000000005,24.341499999999993,842.70264999999995,382.65655591851788,45.408335199833125,55.754999999999995,107.75999999999999,51.289999999999985,0,ExternalSensor,"D:\software\github\MSLB\artifacts\sessions\20261002_154845_cf8d9841\raw.csv"
"YKB-145","T30_3_00",1,PASS,2.3900000000000001,2.3876099999999996,2.8904999999999998,1211.8357142857144,,53.591500000000018,34.670000000000009,24.2545,840.90580000000011,366.81341889466398,43.621797512548781,54.734999999999999,126.59999999999999,54.479999999999997,0,ExternalSensor,"D:\software\github\MSLB\artifacts\sessions\20261002_154845_cf8d9841\raw.csv"
"YKB-145","T29_2_90",1,PASS,2.3900000000000001,2.3897723809523814,2.8907619047619044,1219.5986394557826,,53.55619047619048,34.657142857142865,24.243809523809521,840.22233333333338,369.19663400243218,43.940873147969057,54.966666666666661,122.73333333333333,53.842857142857135,0,ExternalSensor,"D:\software\github\MSLB\artifacts\sessions\20261002_154845_cf8d9841\raw.csv"
"YKB-145","T24_2_40",1,PASS,2.3913657142857145,2.3902276190476193,2.8921904761904762,1265.5170068027212,,53.427142857142861,34.709523809523809,24.281428571428567,842.79261904761904,383.28505354138844,45.478567166850063,55.247619047619047,104.1047619047619,50.699999999999989,0,ExternalSensor,"D:\software\github\MSLB\artifacts\sessions\20261002_154845_cf8d9841\raw.csv"
"YKB-145","T31_3_10",1,FAIL,,,,,,,,,,,,,,,0,ServoEstimated,"D:\software\github\MSLB\artifacts\sessions\20261002_154845_cf8d9841\raw.csv"
